{"cameraMode":{"drawMode":0,"name":"Shaded","section":"Shading Mode"},"sceneLighting":true,"audioPlay":false,"sceneViewState":{"m_AlwaysRefresh":false,"showFog":true,"showSkybox":true,"showFlares":true,"showImageEffects":true,"showParticleSystems":true,"showVisualEffectGraphs":true,"m_FxEnabled":true},"in2DMode":false,"pivot":{"x":0.957452118396759,"y":1.7550570964813233,"z":-0.004191398620605469},"rotation":{"x":-0.226899653673172,"y":0.22830002009868623,"z":-0.05480591580271721,"w":-0.9451889395713806},"size":0.9635002017021179,"orthographic":false}